{
    "last": {
        "epoch": 7,
        "train_accuracy": 0.5945986525402165,
        "train_auroc": 0.9107409495033015,
        "train_f1score": 0.5854427455509621,
        "train_auprc": 0.3151902835185136,
        "train_loss": 1.0746229345556184,
        "train_duration": 829.5547842879996,
        "val_accuracy": 0.5702472572302937,
        "val_auroc": 0.8850765035520145,
        "val_f1score": 0.5536338251028488,
        "val_auprc": 0.31418113351164767,
        "val_loss": 1.1791713024253276,
        "val_duration": 284.2715324790006
    },
    "best": {
        "epoch": 7,
        "train_accuracy": 0.5945986525402165,
        "train_auroc": 0.9107409495033015,
        "train_f1score": 0.5854427455509621,
        "train_auprc": 0.3151902835185136,
        "train_loss": 1.0746229345556184,
        "train_duration": 829.5547842879996,
        "val_accuracy": 0.5702472572302937,
        "val_auroc": 0.8850765035520145,
        "val_f1score": 0.5536338251028488,
        "val_auprc": 0.31418113351164767,
        "val_loss": 1.1791713024253276,
        "val_duration": 284.2715324790006
    }
}